{"sidebar-1":{"search-2":{"title":""},"recent-posts-2":{"title":"","number":5},"recent-comments-2":{"title":"","number":5},"archives-2":{"title":"","count":0,"dropdown":0},"categories-2":{"title":"","count":0,"hierarchical":0,"dropdown":0},"meta-2":{"title":""},"text-5":{"title":"Testimonials","text":"[testimonials01 number=\"10\" visible_items=\"1\" testimonial01_color=\"#333333\" testimonial01_bg=\"#f9f9f9\"]","filter":true,"visual":true}},"burgersidebar":{"tribe-events-list-widget-2":{"title":"Upcoming Events","limit":"5","no_upcoming_events":false,"featured_events_only":false,"jsonld_enable":1},"calendar-2":{"title":""}},"footer_row_1_1":{"text-3":{"title":"","text":"<h1 class=\"logo\">\r\n    <a href=\"#\"><img src=\"http:\/\/politicalwp.themeslr.com\/wp-content\/themes\/politicalwp\/images\/theme_logo.png\" alt=\"\" \/><\/a>\r\n<\/h1>\r\n<p>PoliticalWP blandit lectus vitae conv allis. Nullam at neque ac tortor aliquet pretium. Aenean sit amet venenatis leo. Aenean condimentum gravida ligula, ac mattis dolor feugiat id. Fusce malesuada metus ultrices facilisis convallis. Ut ipsum enim, consectetur at lobortis at, sagittis vel nisl. <\/p>\r\n\r\n<p>Nam non maximus elit, at sollicitudin mi. Fusce malesuada metus ultrices facilisis convallis. Ut ipsum enim, consectetur at lobortis at, sagittis vel nisl.<\/p>\r\n<br \/>","filter":false},"politicalwp_social_share-2":{"widget_title":"","share-facebook":"on","share-twitter":"on","share-linkedin":"","share-googleplus":"on","share-digg":"","share-pinterest":"on","share-reddit":"","share-stumbleupon":""},"custom_html-2":{"title":"","content":""}},"footer_row_1_2":{"text-4":{"title":"PoliticalWP Offices","text":"<img src=\"http:\/\/politicalwp.themeslr.com\/wp-content\/uploads\/2017\/05\/world_map.png\" alt=\"\" \/>","filter":false}},"footer_row_1_3":{"politicalwp_recent_entries_with_thumbnail-2":{"recent_posts_title":"Recent News","recent_posts_number":"3"}}}